{"chunk_definitions":[{"chunk_id":"csetup_chunk","chunk_label":"setup","document_id":"894FE147","expansion_state":0,"options":{"engine":"r","include":false,"label":"setup"},"row":13,"row_count":1,"visible":true},{"chunk_id":"c44njcl8v217f","chunk_label":"unnamed-chunk-1","document_id":"894FE147","expansion_state":0,"options":{"engine":"r","label":"unnamed-chunk-223"},"row":82,"row_count":1,"visible":true},{"chunk_id":"ctp91ftt9x8hx","chunk_label":"unnamed-chunk-2","document_id":"894FE147","expansion_state":0,"options":{"engine":"r","label":"unnamed-chunk-224"},"row":101,"row_count":1,"visible":true},{"chunk_id":"c1u4esqa2asgz","chunk_label":"unnamed-chunk-3","document_id":"894FE147","expansion_state":0,"options":{"engine":"r","label":"unnamed-chunk-225"},"row":110,"row_count":1,"visible":true},{"chunk_id":"ce8ix54mc2hxb","chunk_label":"unnamed-chunk-4","document_id":"894FE147","expansion_state":0,"options":{"engine":"r","label":"unnamed-chunk-226"},"row":131,"row_count":1,"visible":true},{"chunk_id":"chjifo85kroh6","chunk_label":"unnamed-chunk-5","document_id":"894FE147","expansion_state":0,"options":{"engine":"r","label":"unnamed-chunk-227"},"row":139,"row_count":1,"visible":true},{"chunk_id":"czhu6ze9cztka","chunk_label":"unnamed-chunk-6","document_id":"894FE147","expansion_state":0,"options":{"engine":"r","label":"unnamed-chunk-228"},"row":149,"row_count":1,"visible":true},{"chunk_id":"cksfi1sywwfni","chunk_label":"unnamed-chunk-7","document_id":"894FE147","expansion_state":0,"options":{"engine":"r","label":"unnamed-chunk-229"},"row":158,"row_count":1,"visible":true},{"chunk_id":"cg5yjs7tgfvjc","chunk_label":"unnamed-chunk-8","document_id":"894FE147","expansion_state":0,"options":{"engine":"r","label":"unnamed-chunk-230"},"row":167,"row_count":1,"visible":true},{"chunk_id":"cefwlp12q04eq","chunk_label":"unnamed-chunk-9","document_id":"894FE147","expansion_state":0,"options":{"engine":"r","label":"unnamed-chunk-231"},"row":176,"row_count":1,"visible":true},{"chunk_id":"c6rc05rkadm34","chunk_label":"unnamed-chunk-10","document_id":"894FE147","expansion_state":0,"options":{"engine":"r","label":"unnamed-chunk-232"},"row":187,"row_count":1,"visible":true},{"chunk_id":"cl7k5nav9s9q0","chunk_label":"unnamed-chunk-11","document_id":"894FE147","expansion_state":0,"options":{"engine":"r","label":"unnamed-chunk-234"},"row":200,"row_count":1,"visible":true},{"chunk_id":"c9vqrk9zylkjs","chunk_label":"unnamed-chunk-12","document_id":"894FE147","expansion_state":0,"options":{"engine":"r","label":"unnamed-chunk-235"},"row":216,"row_count":1,"visible":true},{"chunk_id":"c5pgrw2xokmhg","chunk_label":"unnamed-chunk-13","document_id":"894FE147","expansion_state":0,"options":{"engine":"r","label":"unnamed-chunk-236"},"row":227,"row_count":1,"visible":true},{"chunk_id":"clk47sh3bsv9z","chunk_label":"unnamed-chunk-14","document_id":"894FE147","expansion_state":0,"options":{"engine":"r","label":"unnamed-chunk-237"},"row":238,"row_count":1,"visible":true},{"chunk_id":"cxdq2ysgd6ep8","chunk_label":"unnamed-chunk-15","document_id":"894FE147","expansion_state":0,"options":{"engine":"r","label":"unnamed-chunk-238"},"row":249,"row_count":1,"visible":true},{"chunk_id":"c4mk5hlafgjlx","chunk_label":"unnamed-chunk-16","document_id":"894FE147","expansion_state":0,"options":{"engine":"r","label":"unnamed-chunk-239"},"row":260,"row_count":1,"visible":true},{"chunk_id":"cvriisuj1qrol","chunk_label":"unnamed-chunk-17","document_id":"894FE147","expansion_state":0,"options":{"engine":"r","label":"unnamed-chunk-240"},"row":272,"row_count":1,"visible":true},{"chunk_id":"cokgtvjprk0v0","chunk_label":"unnamed-chunk-18","document_id":"894FE147","expansion_state":0,"options":{"engine":"r","label":"unnamed-chunk-241"},"row":287,"row_count":1,"visible":true},{"chunk_id":"c0b3em6apqiac","chunk_label":"unnamed-chunk-19","document_id":"894FE147","expansion_state":0,"options":{"engine":"r","label":"unnamed-chunk-242"},"row":301,"row_count":1,"visible":true},{"chunk_id":"c5n7r0skuqddj","chunk_label":"unnamed-chunk-20","document_id":"894FE147","expansion_state":0,"options":{"engine":"r","label":"unnamed-chunk-243"},"row":312,"row_count":1,"visible":true},{"chunk_id":"cnsmos3ogcsri","chunk_label":"unnamed-chunk-21","document_id":"894FE147","expansion_state":0,"options":{"engine":"r","label":"unnamed-chunk-244"},"row":322,"row_count":1,"visible":true},{"chunk_id":"cl2v8l1681cxs","chunk_label":"unnamed-chunk-22","document_id":"894FE147","expansion_state":0,"options":{"engine":"r","label":"unnamed-chunk-245"},"row":331,"row_count":1,"visible":true},{"chunk_id":"cej8swpu1r7b2","chunk_label":"unnamed-chunk-23","document_id":"894FE147","expansion_state":0,"options":{"engine":"r","label":"unnamed-chunk-246"},"row":340,"row_count":1,"visible":true},{"chunk_id":"cd2526qvqf5uv","chunk_label":"unnamed-chunk-24","document_id":"894FE147","expansion_state":0,"options":{"engine":"r","label":"unnamed-chunk-247"},"row":354,"row_count":1,"visible":true},{"chunk_id":"chm6jsvnry61v","chunk_label":"unnamed-chunk-25","document_id":"894FE147","expansion_state":0,"options":{"engine":"r","label":"unnamed-chunk-248"},"row":370,"row_count":1,"visible":true},{"chunk_id":"cbz7tr8ewrvmz","chunk_label":"unnamed-chunk-26","document_id":"894FE147","expansion_state":0,"options":{"engine":"r","label":"unnamed-chunk-249"},"row":386,"row_count":1,"visible":true},{"chunk_id":"c8obrib3iey6z","chunk_label":"unnamed-chunk-27","document_id":"894FE147","expansion_state":0,"options":{"engine":"r","label":"unnamed-chunk-250"},"row":402,"row_count":1,"visible":true},{"chunk_id":"c7sauc5mvmugy","chunk_label":"unnamed-chunk-28","document_id":"894FE147","expansion_state":0,"options":{"engine":"r","label":"unnamed-chunk-251"},"row":418,"row_count":1,"visible":true},{"chunk_id":"c23qq1zbvk2ad","chunk_label":"unnamed-chunk-29","document_id":"894FE147","expansion_state":0,"options":{"engine":"r","label":"unnamed-chunk-252"},"row":435,"row_count":1,"visible":true}],"chunk_rendered_width":700,"default_chunk_options":{"echo":true,"message":false,"paged.print":true,"warning":false},"doc_write_time":1571441305,"working_dir":null}