"0","  "
"0","  # This is the final version of this graphic"
"0",""
"0","  ggplot(baltimore_city_pills_per_year) +"
"0","  geom_bar(stat=""identity"", aes(year, dosage_unit), fill=""royal blue"") +"
"0","  labs(x=""Year"", y=""Total pills"", title=""In Baltimore City, opioids fall in 2007, then climb steadily through 2012"", subtitle = ""Total pills shipped to Baltimore City by year"", caption = ""Source: DEA ARCOS database, via Washington Post"") +"
"0","  scale_x_continuous(breaks = c(2006, 2007, 2008, 2009, 2010, 2011, 2012)) +"
"0","  scale_y_continuous(labels = comma)"
