"0","  ggplot(maryland_pills_per_year) +"
"0","  geom_bar(stat=""identity"", aes(year, dosage_unit, fill=buyer_county)) +"
"0","  labs(x=""Year"", y=""Total pills"", title=""Steady rise in opioids in six large Maryland counties"", subtitle = ""Total pills per year shipped to Anne Arundel, Baltimore, Howard,\nMontgomery, Prince George's counties and Baltimore City"", caption = ""Source: DEA ARCOS database, via Washington Post"", fill=""County"") +"
"0","  scale_x_continuous(breaks = c(2006, 2007, 2008, 2009, 2010, 2011, 2012)) +"
"0","  scale_y_continuous(labels = comma)"
