{"chunk_definitions":[{"chunk_id":"csetup_chunk","chunk_label":"setup","document_id":"3796787","expansion_state":0,"options":{"engine":"r","include":false,"label":"setup"},"row":13,"row_count":1,"visible":true},{"chunk_id":"cajzua4dzp3xg","chunk_label":"unnamed-chunk-1","document_id":"3796787","expansion_state":0,"options":{"engine":"r","label":"unnamed-chunk-2"},"row":83,"row_count":1,"visible":true},{"chunk_id":"cqe80nn7z6949","chunk_label":"unnamed-chunk-2","document_id":"3796787","expansion_state":0,"options":{"engine":"r","label":"unnamed-chunk-3"},"row":102,"row_count":1,"visible":true},{"chunk_id":"ctmm0gjc15vnl","chunk_label":"unnamed-chunk-3","document_id":"3796787","expansion_state":0,"options":{"engine":"r","label":"unnamed-chunk-7"},"row":111,"row_count":1,"visible":true},{"chunk_id":"cpynqdtbn3yyh","chunk_label":"unnamed-chunk-4","document_id":"3796787","expansion_state":0,"options":{"engine":"r","label":"unnamed-chunk-188"},"row":132,"row_count":1,"visible":true},{"chunk_id":"ciosqmi0qwtv5","chunk_label":"unnamed-chunk-5","document_id":"3796787","expansion_state":0,"options":{"engine":"r","label":"unnamed-chunk-189"},"row":140,"row_count":1,"visible":true},{"chunk_id":"cntmd2fukwb0d","chunk_label":"unnamed-chunk-6","document_id":"3796787","expansion_state":0,"options":{"engine":"r","label":"unnamed-chunk-194"},"row":150,"row_count":1,"visible":true},{"chunk_id":"csoozgv5i7rld","chunk_label":"unnamed-chunk-7","document_id":"3796787","expansion_state":0,"options":{"engine":"r","label":"unnamed-chunk-195"},"row":159,"row_count":1,"visible":true},{"chunk_id":"c1m06s0k9fkui","chunk_label":"unnamed-chunk-8","document_id":"3796787","expansion_state":0,"options":{"engine":"r","label":"unnamed-chunk-196"},"row":168,"row_count":1,"visible":true},{"chunk_id":"cvovup5c7awot","chunk_label":"unnamed-chunk-9","document_id":"3796787","expansion_state":0,"options":{"engine":"r","label":"unnamed-chunk-197"},"row":177,"row_count":1,"visible":true},{"chunk_id":"ccirxv6gz2yn7","chunk_label":"unnamed-chunk-10","document_id":"3796787","expansion_state":0,"options":{"engine":"r","label":"unnamed-chunk-198"},"row":188,"row_count":1,"visible":true},{"chunk_id":"cob5g4erahznp","chunk_label":"unnamed-chunk-11","document_id":"3796787","expansion_state":0,"options":{"engine":"r","label":"unnamed-chunk-199"},"row":201,"row_count":1,"visible":true},{"chunk_id":"cs99cgz4853s3","chunk_label":"unnamed-chunk-12","document_id":"3796787","expansion_state":0,"options":{"engine":"r","label":"unnamed-chunk-200"},"row":217,"row_count":1,"visible":true},{"chunk_id":"cxm0qwub4es6g","chunk_label":"unnamed-chunk-13","document_id":"3796787","expansion_state":0,"options":{"engine":"r","label":"unnamed-chunk-201"},"row":228,"row_count":1,"visible":true},{"chunk_id":"ccj3q4xxndpnv","chunk_label":"unnamed-chunk-14","document_id":"3796787","expansion_state":0,"options":{"engine":"r","label":"unnamed-chunk-202"},"row":239,"row_count":1,"visible":true},{"chunk_id":"cgkifm7mvmmig","chunk_label":"unnamed-chunk-15","document_id":"3796787","expansion_state":0,"options":{"engine":"r","label":"unnamed-chunk-203"},"row":250,"row_count":1,"visible":true},{"chunk_id":"co5mkkeo0xg8l","chunk_label":"unnamed-chunk-16","document_id":"3796787","expansion_state":0,"options":{"engine":"r","label":"unnamed-chunk-204"},"row":261,"row_count":1,"visible":true},{"chunk_id":"cnl0o7rl1qgxb","chunk_label":"unnamed-chunk-17","document_id":"3796787","expansion_state":0,"options":{"engine":"r","label":"unnamed-chunk-205"},"row":273,"row_count":1,"visible":true},{"chunk_id":"cd30itn72j45c","chunk_label":"unnamed-chunk-18","document_id":"3796787","expansion_state":0,"options":{"engine":"r","label":"unnamed-chunk-206"},"row":288,"row_count":1,"visible":true},{"chunk_id":"cx8d615vbe0iv","chunk_label":"unnamed-chunk-19","document_id":"3796787","expansion_state":0,"options":{"engine":"r","label":"unnamed-chunk-207"},"row":302,"row_count":1,"visible":true},{"chunk_id":"cg0yhxcmqu9np","chunk_label":"unnamed-chunk-20","document_id":"3796787","expansion_state":0,"options":{"engine":"r","label":"unnamed-chunk-137"},"row":313,"row_count":1,"visible":true},{"chunk_id":"cphl7482xkihg","chunk_label":"unnamed-chunk-21","document_id":"3796787","expansion_state":0,"options":{"engine":"r","label":"unnamed-chunk-208"},"row":323,"row_count":1,"visible":true},{"chunk_id":"c2gd15v11b7tk","chunk_label":"unnamed-chunk-22","document_id":"3796787","expansion_state":0,"options":{"engine":"r","label":"unnamed-chunk-211"},"row":332,"row_count":1,"visible":true},{"chunk_id":"cfpvxo07bygjw","chunk_label":"unnamed-chunk-23","document_id":"3796787","expansion_state":0,"options":{"engine":"r","label":"unnamed-chunk-154"},"row":341,"row_count":1,"visible":true},{"chunk_id":"cfmm0odb6c1lc","chunk_label":"unnamed-chunk-24","document_id":"3796787","expansion_state":0,"options":{"engine":"r","label":"unnamed-chunk-213"},"row":355,"row_count":1,"visible":true},{"chunk_id":"c49ype84aq8zi","chunk_label":"unnamed-chunk-25","document_id":"3796787","expansion_state":0,"options":{"engine":"r","label":"unnamed-chunk-214"},"row":371,"row_count":1,"visible":true},{"chunk_id":"c2kzi33039cfk","chunk_label":"unnamed-chunk-26","document_id":"3796787","expansion_state":0,"options":{"engine":"r","label":"unnamed-chunk-216"},"row":387,"row_count":1,"visible":true},{"chunk_id":"cble2jp4jro0e","chunk_label":"unnamed-chunk-27","document_id":"3796787","expansion_state":0,"options":{"engine":"r","label":"unnamed-chunk-217"},"row":403,"row_count":1,"visible":true},{"chunk_id":"cg2s0hns71zpf","chunk_label":"unnamed-chunk-28","document_id":"3796787","expansion_state":0,"options":{"engine":"r","label":"unnamed-chunk-218"},"row":419,"row_count":1,"visible":true},{"chunk_id":"coz2ka4q24y35","chunk_label":"unnamed-chunk-29","document_id":"3796787","expansion_state":0,"options":{"engine":"r","label":"unnamed-chunk-219"},"row":436,"row_count":1,"visible":true},{"chunk_id":"ciump9acjirro","chunk_label":"unnamed-chunk-30","document_id":"3796787","expansion_state":0,"options":{"engine":"r","label":"unnamed-chunk-178"},"row":457,"row_count":1,"visible":true},{"chunk_id":"c9m3mb3yu5s6t","chunk_label":"unnamed-chunk-31","document_id":"3796787","expansion_state":0,"options":{"engine":"r","label":"unnamed-chunk-220"},"row":492,"row_count":1,"visible":true}],"chunk_rendered_width":700,"default_chunk_options":{"echo":true,"message":false,"paged.print":true,"warning":false},"doc_write_time":1571440413,"working_dir":null}